time_x,current_performance,target_performance,cpu_node_percentage,net_node_percentage,io_node_percentage
73,0.000000,1000000.000000,0.083333,0.008333,0.119209
77,2.000000,1000000.000000,0.083333,0.008333,0.119209
80,2.000000,1000000.000000,0.083333,0.008333,0.119209
84,2.000000,1000000.000000,0.083333,0.008333,0.119209
88,2.000000,1000000.000000,0.083333,0.008333,0.119209
92,2.000000,1000000.000000,0.083333,0.008333,0.119209
96,2.000000,1000000.000000,0.083333,0.008333,0.119209
99,2.000000,1000000.000000,0.083333,0.008333,0.119209
103,2.000000,1000000.000000,0.083333,0.008333,0.119209
107,2.000000,1000000.000000,0.083333,0.008333,0.119209
111,2.000000,1000000.000000,0.083333,0.008333,0.119209
115,2.000000,1000000.000000,0.083333,0.008333,0.119209
119,2.000000,1000000.000000,0.083333,0.008333,0.119209
123,2.000000,1000000.000000,0.083333,0.008333,0.119209
128,2.000000,1000000.000000,0.083333,0.008333,0.119209
132,2.000000,1000000.000000,0.083333,0.008333,0.119209
136,2.000000,1000000.000000,0.083333,0.008333,0.119209
140,2.000000,1000000.000000,0.083333,0.008333,0.119209
144,2.000000,1000000.000000,0.083333,0.008333,0.119209
148,2.000000,1000000.000000,0.083333,0.008333,0.119209
153,2.000000,1000000.000000,0.083333,0.008333,0.119209
157,2.000000,1000000.000000,0.083333,0.008333,0.119209
161,2.000000,1000000.000000,0.083333,0.008333,0.119209
165,2.000000,1000000.000000,0.083333,0.008333,0.119209
169,2.000000,1000000.000000,0.083333,0.008333,0.119209
173,2.000000,1000000.000000,0.083333,0.008333,0.119209
178,2.000000,1000000.000000,0.083333,0.008333,0.119209
182,2.000000,1000000.000000,0.083333,0.008333,0.119209
186,2.000000,1000000.000000,0.083333,0.008333,0.119209
190,2.000000,1000000.000000,0.083333,0.008333,0.119209
194,2.000000,1000000.000000,0.083333,0.008333,0.119209
198,2.000000,1000000.000000,0.083333,0.008333,0.119209
203,2.000000,1000000.000000,0.083333,0.008333,0.119209
207,2.000000,1000000.000000,0.083333,0.008333,0.119209
211,2.000000,1000000.000000,0.083333,0.008333,0.119209
215,2.000000,1000000.000000,0.083333,0.008333,0.119209
219,2.000000,1000000.000000,0.083333,0.008333,0.119209
223,2.000000,1000000.000000,0.083333,0.008333,0.119209
227,2.000000,1000000.000000,0.083333,0.008333,0.119209
231,2.000000,1000000.000000,0.083333,0.008333,0.119209
235,2.000000,1000000.000000,0.083333,0.008333,0.119209
239,2.000000,1000000.000000,0.083333,0.008333,0.119209
243,2.000000,1000000.000000,0.083333,0.008333,0.119209
247,2.000000,1000000.000000,0.083333,0.008333,0.119209
252,2.000000,1000000.000000,0.083333,0.008333,0.119209
256,2.000000,1000000.000000,0.083333,0.008333,0.119209
260,2.000000,1000000.000000,0.083333,0.008333,0.119209
264,2.000000,1000000.000000,0.083333,0.008333,0.119209
268,2.000000,1000000.000000,0.083333,0.008333,0.119209
272,2.000000,1000000.000000,0.083333,0.008333,0.119209
276,2.000000,1000000.000000,0.083333,0.008333,0.119209
280,2.000000,1000000.000000,0.083333,0.008333,0.119209
284,2.000000,1000000.000000,0.083333,0.008333,0.119209
288,2.000000,1000000.000000,0.083333,0.008333,0.119209
292,2.000000,1000000.000000,0.083333,0.008333,0.119209
295,2.000000,1000000.000000,0.083333,0.008333,0.119209
299,2.000000,1000000.000000,0.083333,0.008333,0.119209
304,2.000000,1000000.000000,0.083333,0.008333,0.119209
308,2.000000,1000000.000000,0.083333,0.008333,0.119209
312,2.000000,1000000.000000,0.083333,0.008333,0.119209
316,2.000000,1000000.000000,0.083333,0.008333,0.119209
320,2.000000,1000000.000000,0.083333,0.008333,0.119209
324,2.000000,1000000.000000,0.083333,0.008333,0.119209
329,2.000000,1000000.000000,0.083333,0.008333,0.119209
333,2.000000,1000000.000000,0.083333,0.008333,0.119209
337,2.000000,1000000.000000,0.083333,0.008333,0.119209
341,2.000000,1000000.000000,0.083333,0.008333,0.119209
345,2.000000,1000000.000000,0.083333,0.008333,0.119209
349,2.000000,1000000.000000,0.083333,0.008333,0.119209
354,2.000000,1000000.000000,0.083333,0.008333,0.119209
358,2.000000,1000000.000000,0.083333,0.008333,0.119209
362,2.000000,1000000.000000,0.083333,0.008333,0.119209
366,2.000000,1000000.000000,0.083333,0.008333,0.119209
370,2.000000,1000000.000000,0.083333,0.008333,0.119209
374,820000.000000,1000000.000000,0.083333,0.008333,0.119209
380,810000.000000,1000000.000000,0.094167,0.008333,0.119209
384,980000.000000,1000000.000000,0.094167,0.012292,0.119209
389,910000.000000,1000000.000000,0.094167,0.012292,0.119209
393,1010000.000000,1000000.000000,0.094167,0.012292,0.119209
398,1000000.000000,1000000.000000,0.094167,0.012292,0.119209
403,910000.000000,1000000.000000,0.094167,0.012292,0.119209
408,1010000.000000,1000000.000000,0.094167,0.012292,0.119209
412,940000.000000,1000000.000000,0.094167,0.012292,0.119209
417,940000.000000,1000000.000000,0.094167,0.012292,0.119209
422,980000.000000,1000000.000000,0.094167,0.012292,0.119209
427,1000000.000000,1000000.000000,0.094167,0.012292,0.119209
432,930000.000000,1000000.000000,0.094167,0.012292,0.119209
436,940000.000000,1000000.000000,0.094167,0.012292,0.119209
442,1020000.000000,1000000.000000,0.094167,0.012292,0.119209
446,900000.000000,1000000.000000,0.094167,0.012292,0.119209
451,940000.000000,500000.000000,0.094167,0.012292,0.119209
457,470000.000000,500000.000000,0.039167,0.012292,0.119209
462,380000.000000,500000.000000,0.039167,0.012292,0.119209
468,530000.000000,500000.000000,0.054167,0.012292,0.119209
473,540000.000000,500000.000000,0.054167,0.012292,0.119209
479,560000.000000,500000.000000,0.054167,0.012292,0.119209
483,560000.000000,500000.000000,0.054167,0.012292,0.119209
487,510000.000000,500000.000000,0.054167,0.012292,0.119209
492,550000.000000,500000.000000,0.054167,0.012292,0.119209
497,540000.000000,500000.000000,0.054167,0.012292,0.119209
501,500000.000000,500000.000000,0.054167,0.012292,0.119209
506,630000.000000,500000.000000,0.054167,0.012292,0.119209
512,430000.000000,500000.000000,0.038333,0.012292,0.119209
517,370000.000000,500000.000000,0.038333,0.015208,0.119209
522,370000.000000,500000.000000,0.038333,0.015208,0.122309
528,560000.000000,500000.000000,0.054167,0.015208,0.122309
533,550000.000000,500000.000000,0.054167,0.015208,0.122309
537,520000.000000,500000.000000,0.054167,0.015208,0.122309
542,540000.000000,500000.000000,0.054167,0.015208,0.122309
546,530000.000000,500000.000000,0.054167,0.015208,0.122309
551,520000.000000,500000.000000,0.054167,0.015208,0.122309
555,530000.000000,500000.000000,0.054167,0.015208,0.122309
560,550000.000000,500000.000000,0.054167,0.015208,0.122309
564,550000.000000,500000.000000,0.054167,0.015208,0.122309
569,630000.000000,500000.000000,0.054167,0.015208,0.122309
574,520000.000000,500000.000000,0.038333,0.015208,0.122309
579,390000.000000,500000.000000,0.038333,0.015208,0.122309
584,390000.000000,800000.000000,0.051667,0.015208,0.122309
589,480000.000000,800000.000000,0.051667,0.025885,0.122309
593,490000.000000,800000.000000,0.051667,0.025885,0.127077
599,760000.000000,800000.000000,0.075833,0.025885,0.127077
604,730000.000000,800000.000000,0.075833,0.025885,0.127077
609,740000.000000,800000.000000,0.075833,0.025885,0.127077
613,800000.000000,800000.000000,0.075833,0.025885,0.127077
618,720000.000000,800000.000000,0.075833,0.025885,0.127077
623,790000.000000,800000.000000,0.075833,0.025885,0.127077
628,830000.000000,800000.000000,0.075833,0.025885,0.127077
633,770000.000000,800000.000000,0.075833,0.025885,0.127077
637,740000.000000,800000.000000,0.075833,0.025885,0.127077
642,730000.000000,800000.000000,0.075833,0.025885,0.127077
647,770000.000000,800000.000000,0.075833,0.025885,0.127077
651,760000.000000,800000.000000,0.075833,0.025885,0.127077
656,790000.000000,800000.000000,0.075833,0.025885,0.127077
660,830000.000000,800000.000000,0.075833,0.025885,0.127077
665,780000.000000,800000.000000,0.075833,0.025885,0.127077
670,810000.000000,800000.000000,0.075833,0.025885,0.127077
675,830000.000000,800000.000000,0.075833,0.025885,0.127077
679,810000.000000,800000.000000,0.075833,0.025885,0.127077
684,750000.000000,800000.000000,0.075833,0.025885,0.127077
689,770000.000000,800000.000000,0.075833,0.025885,0.127077
694,780000.000000,800000.000000,0.075833,0.025885,0.127077
699,840000.000000,1100000.000000,0.075833,0.025885,0.127077
705,910000.000000,1100000.000000,0.090000,0.025885,0.127077
710,990000.000000,1100000.000000,0.090000,0.029483,0.127077
714,910000.000000,1100000.000000,0.090000,0.029483,0.127077
720,1000000.000000,1100000.000000,0.100000,0.029483,0.127077
725,1120000.000000,1100000.000000,0.100000,0.029483,0.127077
729,1110000.000000,1100000.000000,0.100000,0.029483,0.127077
733,1070000.000000,1100000.000000,0.100000,0.029483,0.127077
738,1120000.000000,1100000.000000,0.100000,0.029483,0.127077
743,960000.000000,1100000.000000,0.100000,0.029483,0.127077
749,1100000.000000,1100000.000000,0.107500,0.029483,0.127077
754,1070000.000000,1100000.000000,0.107500,0.029483,0.127077
759,1120000.000000,1100000.000000,0.107500,0.029483,0.127077
764,1110000.000000,1100000.000000,0.107500,0.029483,0.127077
769,1080000.000000,1100000.000000,0.107500,0.029483,0.127077
773,1000000.000000,1100000.000000,0.107500,0.029483,0.127077
777,1060000.000000,1100000.000000,0.107500,0.029483,0.127077
782,1110000.000000,1100000.000000,0.107500,0.029483,0.127077
787,1160000.000000,1100000.000000,0.107500,0.029483,0.127077
791,1100000.000000,1100000.000000,0.107500,0.029483,0.127077
797,1130000.000000,1100000.000000,0.107500,0.029483,0.127077
801,1100000.000000,1100000.000000,0.107500,0.029483,0.127077
805,1100000.000000,650000.000000,0.107500,0.029483,0.127077
811,680000.000000,650000.000000,0.065000,0.029483,0.127077
816,650000.000000,650000.000000,0.065000,0.029483,0.127077
821,670000.000000,650000.000000,0.065000,0.029483,0.127077
825,680000.000000,650000.000000,0.065000,0.029483,0.127077
830,680000.000000,650000.000000,0.065000,0.029483,0.127077
835,660000.000000,650000.000000,0.065000,0.029483,0.127077
840,710000.000000,650000.000000,0.065000,0.029483,0.127077
844,690000.000000,650000.000000,0.065000,0.029483,0.127077
849,670000.000000,650000.000000,0.065000,0.029483,0.127077
854,620000.000000,650000.000000,0.065000,0.029483,0.127077
859,670000.000000,650000.000000,0.065000,0.029483,0.127077
864,650000.000000,650000.000000,0.065000,0.029483,0.127077
868,710000.000000,650000.000000,0.065000,0.029483,0.127077
874,680000.000000,650000.000000,0.065000,0.029483,0.127077
878,710000.000000,650000.000000,0.065000,0.029483,0.127077
883,710000.000000,650000.000000,0.065000,0.029483,0.127077
888,680000.000000,650000.000000,0.065000,0.029483,0.127077
893,630000.000000,650000.000000,0.065000,0.029483,0.127077
898,710000.000000,650000.000000,0.065000,0.029483,0.127077
902,730000.000000,650000.000000,0.065000,0.029483,0.127077
907,670000.000000,650000.000000,0.065000,0.029483,0.127077
912,620000.000000,650000.000000,0.065000,0.029483,0.127077
917,660000.000000,650000.000000,0.065000,0.029483,0.127077
921,700000.000000,650000.000000,0.065000,0.029483,0.127077
926,640000.000000,650000.000000,0.065000,0.029483,0.127077
931,660000.000000,650000.000000,0.065000,0.029483,0.127077
936,660000.000000,650000.000000,0.065000,0.029483,0.127077
941,700000.000000,650000.000000,0.065000,0.029483,0.127077
945,670000.000000,650000.000000,0.065000,0.029483,0.127077
950,670000.000000,650000.000000,0.065000,0.029483,0.127077
955,640000.000000,650000.000000,0.065000,0.029483,0.127077
960,690000.000000,650000.000000,0.065000,0.029483,0.127077
965,660000.000000,650000.000000,0.065000,0.029483,0.127077
970,690000.000000,650000.000000,0.065000,0.029483,0.127077
975,710000.000000,650000.000000,0.065000,0.029483,0.127077
979,690000.000000,650000.000000,0.065000,0.029483,0.127077
984,640000.000000,650000.000000,0.065000,0.029483,0.127077
989,640000.000000,650000.000000,0.065000,0.029483,0.127077
994,690000.000000,650000.000000,0.065000,0.029483,0.127077
998,680000.000000,650000.000000,0.065000,0.029483,0.127077
1002,720000.000000,650000.000000,0.065000,0.029483,0.127077
1007,650000.000000,650000.000000,0.065000,0.029483,0.127077
1013,670000.000000,650000.000000,0.065000,0.029483,0.127077
1017,680000.000000,650000.000000,0.065000,0.029483,0.127077
1021,620000.000000,650000.000000,0.065000,0.029483,0.127077
1026,650000.000000,650000.000000,0.065000,0.029483,0.127077
1030,650000.000000,650000.000000,0.065000,0.029483,0.127077
1035,690000.000000,650000.000000,0.065000,0.029483,0.127077
1040,640000.000000,650000.000000,0.065000,0.029483,0.127077
1044,650000.000000,650000.000000,0.065000,0.029483,0.127077
1049,640000.000000,650000.000000,0.065000,0.029483,0.127077
1053,690000.000000,650000.000000,0.065000,0.029483,0.127077
1057,650000.000000,650000.000000,0.065000,0.029483,0.127077
1062,670000.000000,650000.000000,0.065000,0.029483,0.127077
1067,640000.000000,650000.000000,0.065000,0.029483,0.127077
1072,640000.000000,650000.000000,0.065000,0.029483,0.127077
1077,680000.000000,650000.000000,0.065000,0.029483,0.127077
1081,680000.000000,650000.000000,0.065000,0.029483,0.127077
1086,670000.000000,650000.000000,0.065000,0.029483,0.127077
1091,640000.000000,650000.000000,0.065000,0.029483,0.127077
1096,670000.000000,650000.000000,0.065000,0.029483,0.127077
1100,650000.000000,650000.000000,0.065000,0.029483,0.127077
1105,690000.000000,650000.000000,0.065000,0.029483,0.127077
1110,680000.000000,650000.000000,0.065000,0.029483,0.127077
1115,670000.000000,650000.000000,0.065000,0.029483,0.127077
1120,690000.000000,650000.000000,0.065000,0.029483,0.127077
1124,690000.000000,650000.000000,0.065000,0.029483,0.127077
1130,640000.000000,650000.000000,0.065000,0.029483,0.127077
1134,650000.000000,650000.000000,0.065000,0.029483,0.127077
1139,680000.000000,650000.000000,0.065000,0.029483,0.127077
1143,670000.000000,650000.000000,0.065000,0.029483,0.127077
1148,660000.000000,650000.000000,0.065000,0.029483,0.127077
1154,660000.000000,650000.000000,0.065000,0.029483,0.127077
1158,690000.000000,650000.000000,0.065000,0.029483,0.127077
1162,690000.000000,650000.000000,0.065000,0.029483,0.127077
1167,680000.000000,650000.000000,0.065000,0.029483,0.127077
1172,700000.000000,650000.000000,0.065000,0.029483,0.127077
1177,640000.000000,650000.000000,0.065000,0.029483,0.127077
1182,720000.000000,650000.000000,0.065000,0.029483,0.127077
1186,630000.000000,650000.000000,0.065000,0.029483,0.127077
1191,720000.000000,650000.000000,0.065000,0.029483,0.127077
1195,640000.000000,650000.000000,0.065000,0.029483,0.127077
1200,700000.000000,650000.000000,0.065000,0.029483,0.127077
1205,680000.000000,650000.000000,0.065000,0.029483,0.127077
1209,720000.000000,650000.000000,0.065000,0.029483,0.127077
1214,670000.000000,650000.000000,0.065000,0.029483,0.127077
1219,660000.000000,650000.000000,0.065000,0.029483,0.127077
1223,630000.000000,650000.000000,0.065000,0.029483,0.127077
1228,640000.000000,650000.000000,0.065000,0.029483,0.127077
1232,660000.000000,650000.000000,0.065000,0.029483,0.127077
1236,650000.000000,650000.000000,0.065000,0.029483,0.127077
1242,620000.000000,650000.000000,0.065000,0.029483,0.127077
1247,650000.000000,650000.000000,0.065000,0.029483,0.127077
1251,660000.000000,650000.000000,0.065000,0.029483,0.127077
1256,670000.000000,650000.000000,0.065000,0.029483,0.127077
1261,620000.000000,650000.000000,0.065000,0.029483,0.127077
1266,660000.000000,650000.000000,0.065000,0.029483,0.127077
1271,690000.000000,650000.000000,0.065000,0.029483,0.127077
1275,720000.000000,650000.000000,0.065000,0.029483,0.127077
1281,610000.000000,650000.000000,0.065000,0.029483,0.127077
1285,660000.000000,650000.000000,0.065000,0.029483,0.127077
1289,650000.000000,650000.000000,0.065000,0.029483,0.127077
1294,660000.000000,650000.000000,0.065000,0.029483,0.127077
1298,670000.000000,650000.000000,0.065000,0.029483,0.127077
1303,630000.000000,650000.000000,0.065000,0.029483,0.127077
1308,640000.000000,650000.000000,0.065000,0.029483,0.127077
1312,660000.000000,650000.000000,0.065000,0.029483,0.127077
1316,680000.000000,650000.000000,0.065000,0.029483,0.127077
1321,760000.000000,650000.000000,0.065000,0.029483,0.127077
1325,660000.000000,650000.000000,0.065000,0.029483,0.127077
1330,710000.000000,650000.000000,0.065000,0.029483,0.127077
1334,680000.000000,650000.000000,0.065000,0.029483,0.127077
1339,720000.000000,650000.000000,0.065000,0.029483,0.127077
1344,640000.000000,650000.000000,0.065000,0.029483,0.127077
1349,640000.000000,650000.000000,0.065000,0.029483,0.127077
1353,650000.000000,650000.000000,0.065000,0.029483,0.127077
1358,670000.000000,650000.000000,0.065000,0.029483,0.127077
1363,620000.000000,650000.000000,0.065000,0.029483,0.127077
1368,670000.000000,650000.000000,0.065000,0.029483,0.127077
1373,640000.000000,650000.000000,0.065000,0.029483,0.127077
1377,690000.000000,650000.000000,0.065000,0.029483,0.127077
1382,630000.000000,650000.000000,0.065000,0.029483,0.127077
1387,630000.000000,650000.000000,0.065000,0.029483,0.127077
1392,670000.000000,650000.000000,0.065000,0.029483,0.127077
1396,610000.000000,650000.000000,0.065000,0.029483,0.127077
1401,710000.000000,650000.000000,0.065000,0.029483,0.127077
1406,730000.000000,650000.000000,0.065000,0.029483,0.127077
1410,710000.000000,650000.000000,0.065000,0.029483,0.127077
1415,660000.000000,650000.000000,0.065000,0.029483,0.127077
1420,640000.000000,650000.000000,0.065000,0.029483,0.127077
1424,680000.000000,650000.000000,0.065000,0.029483,0.127077
1429,720000.000000,650000.000000,0.065000,0.029483,0.127077
1434,660000.000000,650000.000000,0.065000,0.029483,0.127077
1439,730000.000000,650000.000000,0.065000,0.029483,0.127077
1443,640000.000000,650000.000000,0.065000,0.029483,0.127077
1448,730000.000000,650000.000000,0.065000,0.029483,0.127077
1452,660000.000000,650000.000000,0.065000,0.029483,0.127077
1457,690000.000000,650000.000000,0.065000,0.029483,0.127077
1462,690000.000000,650000.000000,0.065000,0.029483,0.127077
1467,650000.000000,650000.000000,0.065000,0.029483,0.127077
1471,690000.000000,650000.000000,0.065000,0.029483,0.127077
1475,680000.000000,650000.000000,0.065000,0.029483,0.127077
1480,690000.000000,650000.000000,0.065000,0.029483,0.127077
1485,680000.000000,650000.000000,0.065000,0.029483,0.127077
1490,660000.000000,650000.000000,0.065000,0.029483,0.127077
1495,640000.000000,650000.000000,0.065000,0.029483,0.127077
1499,660000.000000,650000.000000,0.065000,0.029483,0.127077
1504,710000.000000,650000.000000,0.065000,0.029483,0.127077
1509,650000.000000,650000.000000,0.065000,0.029483,0.127077
1514,760000.000000,650000.000000,0.065000,0.029483,0.127077
1518,760000.000000,650000.000000,0.065000,0.029483,0.127077
1523,710000.000000,650000.000000,0.065000,0.029483,0.127077
1528,600000.000000,650000.000000,0.065000,0.029483,0.127077
1533,630000.000000,650000.000000,0.065000,0.029483,0.127077
1537,650000.000000,650000.000000,0.065000,0.029483,0.127077
1542,700000.000000,650000.000000,0.065000,0.029483,0.127077
1547,650000.000000,650000.000000,0.065000,0.029483,0.127077
1552,630000.000000,650000.000000,0.065000,0.029483,0.127077
1557,710000.000000,650000.000000,0.065000,0.029483,0.127077
1561,700000.000000,650000.000000,0.065000,0.029483,0.127077
1566,670000.000000,650000.000000,0.065000,0.029483,0.127077
1571,700000.000000,650000.000000,0.065000,0.029483,0.127077
1575,750000.000000,650000.000000,0.065000,0.029483,0.127077
1580,680000.000000,650000.000000,0.065000,0.029483,0.127077
1585,730000.000000,650000.000000,0.065000,0.029483,0.127077
1590,690000.000000,650000.000000,0.065000,0.029483,0.127077
1595,650000.000000,650000.000000,0.065000,0.029483,0.127077
1600,700000.000000,650000.000000,0.065000,0.029483,0.127077
1604,680000.000000,650000.000000,0.065000,0.029483,0.127077
1609,690000.000000,650000.000000,0.065000,0.029483,0.127077
1613,640000.000000,650000.000000,0.065000,0.029483,0.127077
1618,720000.000000,650000.000000,0.065000,0.029483,0.127077
1623,680000.000000,650000.000000,0.065000,0.029483,0.127077
1628,640000.000000,650000.000000,0.065000,0.029483,0.127077
1632,680000.000000,650000.000000,0.065000,0.029483,0.127077
1637,630000.000000,650000.000000,0.065000,0.029483,0.127077
1641,680000.000000,650000.000000,0.065000,0.029483,0.127077
1646,720000.000000,650000.000000,0.065000,0.029483,0.127077
1650,710000.000000,650000.000000,0.065000,0.029483,0.127077
1654,710000.000000,650000.000000,0.065000,0.029483,0.127077
1660,670000.000000,650000.000000,0.065000,0.029483,0.127077
1665,690000.000000,650000.000000,0.065000,0.029483,0.127077
1669,640000.000000,650000.000000,0.065000,0.029483,0.127077
1674,640000.000000,650000.000000,0.065000,0.029483,0.127077
1679,640000.000000,650000.000000,0.065000,0.029483,0.127077
1684,640000.000000,650000.000000,0.065000,0.029483,0.127077
1689,640000.000000,650000.000000,0.065000,0.029483,0.127077
1693,730000.000000,650000.000000,0.065000,0.029483,0.127077
1699,640000.000000,650000.000000,0.065000,0.029483,0.127077
1703,680000.000000,650000.000000,0.065000,0.029483,0.127077
1708,710000.000000,650000.000000,0.065000,0.029483,0.127077
1713,660000.000000,650000.000000,0.065000,0.029483,0.127077
1718,670000.000000,650000.000000,0.065000,0.029483,0.127077
1723,730000.000000,650000.000000,0.065000,0.029483,0.127077
1727,690000.000000,650000.000000,0.065000,0.029483,0.127077
1732,710000.000000,650000.000000,0.065000,0.029483,0.127077
1737,660000.000000,650000.000000,0.065000,0.029483,0.127077
1742,700000.000000,650000.000000,0.065000,0.029483,0.127077
1747,650000.000000,650000.000000,0.065000,0.029483,0.127077
1752,720000.000000,650000.000000,0.065000,0.029483,0.127077
1756,690000.000000,650000.000000,0.065000,0.029483,0.127077
1761,670000.000000,650000.000000,0.065000,0.029483,0.127077
1766,680000.000000,650000.000000,0.065000,0.029483,0.127077
1771,730000.000000,650000.000000,0.065000,0.029483,0.127077
1776,710000.000000,650000.000000,0.065000,0.029483,0.127077
1781,670000.000000,650000.000000,0.065000,0.029483,0.127077
1786,730000.000000,650000.000000,0.065000,0.029483,0.127077
1790,700000.000000,650000.000000,0.065000,0.029483,0.127077
1794,680000.000000,650000.000000,0.065000,0.029483,0.127077
1800,680000.000000,650000.000000,0.065000,0.029483,0.127077
1805,750000.000000,650000.000000,0.065000,0.029483,0.127077
1809,680000.000000,650000.000000,0.065000,0.029483,0.127077
1814,720000.000000,650000.000000,0.065000,0.029483,0.127077
1819,690000.000000,650000.000000,0.065000,0.029483,0.127077
1824,670000.000000,650000.000000,0.065000,0.029483,0.127077
1829,710000.000000,650000.000000,0.065000,0.029483,0.127077
1833,690000.000000,650000.000000,0.065000,0.029483,0.127077
1839,650000.000000,650000.000000,0.065000,0.029483,0.127077
1843,700000.000000,650000.000000,0.065000,0.029483,0.127077
1848,700000.000000,650000.000000,0.065000,0.029483,0.127077
1853,680000.000000,650000.000000,0.065000,0.029483,0.127077
1858,670000.000000,650000.000000,0.065000,0.029483,0.127077
1863,680000.000000,650000.000000,0.065000,0.029483,0.127077
1867,680000.000000,650000.000000,0.065000,0.029483,0.127077
1872,690000.000000,650000.000000,0.065000,0.029483,0.127077
1877,630000.000000,650000.000000,0.065000,0.029483,0.127077
1882,620000.000000,650000.000000,0.065000,0.029483,0.127077
1886,690000.000000,650000.000000,0.065000,0.029483,0.127077
1891,710000.000000,650000.000000,0.065000,0.029483,0.127077
1896,680000.000000,650000.000000,0.065000,0.029483,0.127077
1901,690000.000000,650000.000000,0.065000,0.029483,0.127077
1906,690000.000000,650000.000000,0.065000,0.029483,0.127077
1910,640000.000000,650000.000000,0.065000,0.029483,0.127077
1916,650000.000000,650000.000000,0.065000,0.029483,0.127077
1920,660000.000000,650000.000000,0.065000,0.029483,0.127077
1925,680000.000000,650000.000000,0.065000,0.029483,0.127077
1930,710000.000000,650000.000000,0.065000,0.029483,0.127077
1935,690000.000000,650000.000000,0.065000,0.029483,0.127077
1940,700000.000000,650000.000000,0.065000,0.029483,0.127077
1944,710000.000000,650000.000000,0.065000,0.029483,0.127077
1949,660000.000000,650000.000000,0.065000,0.029483,0.127077
1954,630000.000000,650000.000000,0.065000,0.029483,0.127077
1959,680000.000000,650000.000000,0.065000,0.029483,0.127077
1963,680000.000000,650000.000000,0.065000,0.029483,0.127077
1967,680000.000000,650000.000000,0.065000,0.029483,0.127077
1972,690000.000000,650000.000000,0.065000,0.029483,0.127077
1977,640000.000000,650000.000000,0.065000,0.029483,0.127077
1982,670000.000000,650000.000000,0.065000,0.029483,0.127077
1986,640000.000000,650000.000000,0.065000,0.029483,0.127077
1991,670000.000000,650000.000000,0.065000,0.029483,0.127077
1996,670000.000000,650000.000000,0.065000,0.029483,0.127077
2001,660000.000000,650000.000000,0.065000,0.029483,0.127077
2005,690000.000000,650000.000000,0.065000,0.029483,0.127077
2009,680000.000000,650000.000000,0.065000,0.029483,0.127077
2014,670000.000000,650000.000000,0.065000,0.029483,0.127077
2019,720000.000000,650000.000000,0.065000,0.029483,0.127077
2024,650000.000000,650000.000000,0.065000,0.029483,0.127077
2029,690000.000000,650000.000000,0.065000,0.029483,0.127077
2033,680000.000000,650000.000000,0.065000,0.029483,0.127077
2038,690000.000000,650000.000000,0.065000,0.029483,0.127077
2043,710000.000000,650000.000000,0.065000,0.029483,0.127077
2048,630000.000000,650000.000000,0.065000,0.029483,0.127077
2052,680000.000000,650000.000000,0.065000,0.029483,0.127077
2056,670000.000000,650000.000000,0.065000,0.029483,0.127077
2061,670000.000000,650000.000000,0.065000,0.029483,0.127077
2066,610000.000000,650000.000000,0.065000,0.029483,0.127077
2070,600000.000000,650000.000000,0.065000,0.029483,0.127077
2075,650000.000000,650000.000000,0.065000,0.029483,0.127077
2080,730000.000000,650000.000000,0.065000,0.029483,0.127077
2084,690000.000000,650000.000000,0.065000,0.029483,0.127077
2089,660000.000000,650000.000000,0.065000,0.029483,0.127077
2094,720000.000000,650000.000000,0.065000,0.029483,0.127077
2099,660000.000000,650000.000000,0.065000,0.029483,0.127077
2103,640000.000000,650000.000000,0.065000,0.029483,0.127077
2107,650000.000000,650000.000000,0.065000,0.029483,0.127077
2111,670000.000000,650000.000000,0.065000,0.029483,0.127077
2116,690000.000000,650000.000000,0.065000,0.029483,0.127077
2121,710000.000000,650000.000000,0.065000,0.029483,0.127077
2125,670000.000000,650000.000000,0.065000,0.029483,0.127077
2131,650000.000000,650000.000000,0.065000,0.029483,0.127077
2135,670000.000000,650000.000000,0.065000,0.029483,0.127077
2140,720000.000000,650000.000000,0.065000,0.029483,0.127077
2144,720000.000000,650000.000000,0.065000,0.029483,0.127077
2149,630000.000000,650000.000000,0.065000,0.029483,0.127077
2155,720000.000000,650000.000000,0.065000,0.029483,0.127077
2159,650000.000000,650000.000000,0.065000,0.029483,0.127077
2164,670000.000000,650000.000000,0.065000,0.029483,0.127077
2169,620000.000000,650000.000000,0.065000,0.029483,0.127077
2174,660000.000000,650000.000000,0.065000,0.029483,0.127077
2178,720000.000000,650000.000000,0.065000,0.029483,0.127077
2183,680000.000000,650000.000000,0.065000,0.029483,0.127077
2188,670000.000000,650000.000000,0.065000,0.029483,0.127077
2193,630000.000000,650000.000000,0.065000,0.029483,0.127077
2198,680000.000000,650000.000000,0.065000,0.029483,0.127077
2202,680000.000000,650000.000000,0.065000,0.029483,0.127077
2207,680000.000000,650000.000000,0.065000,0.029483,0.127077
2212,660000.000000,650000.000000,0.065000,0.029483,0.127077
2217,720000.000000,650000.000000,0.065000,0.029483,0.127077
2222,640000.000000,650000.000000,0.065000,0.029483,0.127077
2227,700000.000000,650000.000000,0.065000,0.029483,0.127077
2232,680000.000000,650000.000000,0.065000,0.029483,0.127077
2236,690000.000000,650000.000000,0.065000,0.029483,0.127077
2241,640000.000000,650000.000000,0.065000,0.029483,0.127077
2246,600000.000000,650000.000000,0.065000,0.029483,0.127077
2251,630000.000000,650000.000000,0.065000,0.029483,0.127077
2255,700000.000000,650000.000000,0.065000,0.029483,0.127077
2259,690000.000000,650000.000000,0.065000,0.029483,0.127077
2264,660000.000000,650000.000000,0.065000,0.029483,0.127077
2269,620000.000000,650000.000000,0.065000,0.029483,0.127077
2274,720000.000000,650000.000000,0.065000,0.029483,0.127077
2278,670000.000000,650000.000000,0.065000,0.029483,0.127077
2283,680000.000000,650000.000000,0.065000,0.029483,0.127077
2288,670000.000000,650000.000000,0.065000,0.029483,0.127077
2293,690000.000000,650000.000000,0.065000,0.029483,0.127077
2298,690000.000000,650000.000000,0.065000,0.029483,0.127077
2303,650000.000000,650000.000000,0.065000,0.029483,0.127077
2308,620000.000000,650000.000000,0.065000,0.029483,0.127077
2312,620000.000000,650000.000000,0.065000,0.029483,0.127077
2317,700000.000000,650000.000000,0.065000,0.029483,0.127077
2322,730000.000000,650000.000000,0.065000,0.029483,0.127077
2326,690000.000000,650000.000000,0.065000,0.029483,0.127077
2331,700000.000000,650000.000000,0.065000,0.029483,0.127077
2336,680000.000000,650000.000000,0.065000,0.029483,0.127077
2340,680000.000000,650000.000000,0.065000,0.029483,0.127077
2344,670000.000000,650000.000000,0.065000,0.029483,0.127077
2348,660000.000000,650000.000000,0.065000,0.029483,0.127077
2353,670000.000000,650000.000000,0.065000,0.029483,0.127077
2358,650000.000000,650000.000000,0.065000,0.029483,0.127077
2362,640000.000000,650000.000000,0.065000,0.029483,0.127077
2367,730000.000000,650000.000000,0.065000,0.029483,0.127077
2372,720000.000000,650000.000000,0.065000,0.029483,0.127077
2376,670000.000000,650000.000000,0.065000,0.029483,0.127077
2381,670000.000000,650000.000000,0.065000,0.029483,0.127077
2386,660000.000000,650000.000000,0.065000,0.029483,0.127077
2391,670000.000000,650000.000000,0.065000,0.029483,0.127077
2395,640000.000000,650000.000000,0.065000,0.029483,0.127077
2400,650000.000000,650000.000000,0.065000,0.029483,0.127077
2405,660000.000000,650000.000000,0.065000,0.029483,0.127077
2409,650000.000000,650000.000000,0.065000,0.029483,0.127077
2414,690000.000000,650000.000000,0.065000,0.029483,0.127077
2418,720000.000000,650000.000000,0.065000,0.029483,0.127077
2423,720000.000000,650000.000000,0.065000,0.029483,0.127077
2428,720000.000000,650000.000000,0.065000,0.029483,0.127077
2433,660000.000000,650000.000000,0.065000,0.029483,0.127077
2437,620000.000000,650000.000000,0.065000,0.029483,0.127077
2441,690000.000000,650000.000000,0.065000,0.029483,0.127077
2446,720000.000000,650000.000000,0.065000,0.029483,0.127077
2451,640000.000000,650000.000000,0.065000,0.029483,0.127077
2455,640000.000000,650000.000000,0.065000,0.029483,0.127077
2460,650000.000000,650000.000000,0.065000,0.029483,0.127077
2465,630000.000000,650000.000000,0.065000,0.029483,0.127077
2470,650000.000000,650000.000000,0.065000,0.029483,0.127077
2475,690000.000000,650000.000000,0.065000,0.029483,0.127077
2479,680000.000000,650000.000000,0.065000,0.029483,0.127077
2484,680000.000000,650000.000000,0.065000,0.029483,0.127077
2489,640000.000000,650000.000000,0.065000,0.029483,0.127077
2494,650000.000000,650000.000000,0.065000,0.029483,0.127077
2499,650000.000000,650000.000000,0.065000,0.029483,0.127077
2504,720000.000000,650000.000000,0.065000,0.029483,0.127077
2508,680000.000000,650000.000000,0.065000,0.029483,0.127077
2514,630000.000000,650000.000000,0.065000,0.029483,0.127077
2518,690000.000000,650000.000000,0.065000,0.029483,0.127077
2523,710000.000000,650000.000000,0.065000,0.029483,0.127077
2528,710000.000000,650000.000000,0.065000,0.029483,0.127077
2533,700000.000000,650000.000000,0.065000,0.029483,0.127077
2538,700000.000000,650000.000000,0.065000,0.029483,0.127077
2542,700000.000000,650000.000000,0.065000,0.029483,0.127077
2547,700000.000000,650000.000000,0.065000,0.029483,0.127077
2552,700000.000000,650000.000000,0.065000,0.029483,0.127077
2557,700000.000000,650000.000000,0.065000,0.029483,0.127077
2561,700000.000000,650000.000000,0.065000,0.029483,0.127077
2566,700000.000000,650000.000000,0.065000,0.029483,0.127077
2571,700000.000000,650000.000000,0.065000,0.029483,0.127077
2576,700000.000000,650000.000000,0.065000,0.029483,0.127077
2581,700000.000000,650000.000000,0.065000,0.029483,0.127077
2585,700000.000000,650000.000000,0.065000,0.029483,0.127077
2591,700000.000000,650000.000000,0.065000,0.029483,0.127077
2595,700000.000000,650000.000000,0.065000,0.029483,0.127077
2600,700000.000000,650000.000000,0.065000,0.029483,0.127077
2605,700000.000000,650000.000000,0.065000,0.029483,0.127077
2610,700000.000000,650000.000000,0.065000,0.029483,0.127077
2615,700000.000000,650000.000000,0.065000,0.029483,0.127077
2619,700000.000000,650000.000000,0.065000,0.029483,0.127077
2624,700000.000000,650000.000000,0.065000,0.029483,0.127077
2629,700000.000000,650000.000000,0.065000,0.029483,0.127077
2634,700000.000000,650000.000000,0.065000,0.029483,0.127077
2638,700000.000000,650000.000000,0.065000,0.029483,0.127077
2643,700000.000000,650000.000000,0.065000,0.029483,0.127077
2648,700000.000000,650000.000000,0.065000,0.029483,0.127077
2653,700000.000000,650000.000000,0.065000,0.029483,0.127077
2658,700000.000000,650000.000000,0.065000,0.029483,0.127077
2662,700000.000000,650000.000000,0.065000,0.029483,0.127077
2668,700000.000000,650000.000000,0.065000,0.029483,0.127077
2672,700000.000000,650000.000000,0.065000,0.029483,0.127077
2677,700000.000000,650000.000000,0.065000,0.029483,0.127077
2682,700000.000000,650000.000000,0.065000,0.029483,0.127077
2687,700000.000000,650000.000000,0.065000,0.029483,0.127077
2692,700000.000000,650000.000000,0.065000,0.029483,0.127077
2696,700000.000000,650000.000000,0.065000,0.029483,0.127077
2701,700000.000000,650000.000000,0.065000,0.029483,0.127077
2706,700000.000000,650000.000000,0.065000,0.029483,0.127077
2711,700000.000000,650000.000000,0.065000,0.029483,0.127077
2715,700000.000000,650000.000000,0.065000,0.029483,0.127077
2720,700000.000000,650000.000000,0.065000,0.029483,0.127077
2725,700000.000000,650000.000000,0.065000,0.029483,0.127077
2730,700000.000000,650000.000000,0.065000,0.029483,0.127077
2735,700000.000000,650000.000000,0.065000,0.029483,0.127077
2739,700000.000000,650000.000000,0.065000,0.029483,0.127077
2745,700000.000000,650000.000000,0.065000,0.029483,0.127077
2749,700000.000000,650000.000000,0.065000,0.029483,0.127077
2754,700000.000000,650000.000000,0.065000,0.029483,0.127077
2759,700000.000000,650000.000000,0.065000,0.029483,0.127077
2764,700000.000000,650000.000000,0.065000,0.029483,0.127077
2769,700000.000000,650000.000000,0.065000,0.029483,0.127077
2773,700000.000000,650000.000000,0.065000,0.029483,0.127077
2778,700000.000000,650000.000000,0.065000,0.029483,0.127077
2783,700000.000000,650000.000000,0.065000,0.029483,0.127077
2788,700000.000000,650000.000000,0.065000,0.029483,0.127077
2792,700000.000000,650000.000000,0.065000,0.029483,0.127077
2797,700000.000000,650000.000000,0.065000,0.029483,0.127077
2802,700000.000000,650000.000000,0.065000,0.029483,0.127077
2807,700000.000000,650000.000000,0.065000,0.029483,0.127077
2812,700000.000000,650000.000000,0.065000,0.029483,0.127077
2816,700000.000000,650000.000000,0.065000,0.029483,0.127077
2822,700000.000000,650000.000000,0.065000,0.029483,0.127077
2826,700000.000000,650000.000000,0.065000,0.029483,0.127077
2831,700000.000000,650000.000000,0.065000,0.029483,0.127077
2836,700000.000000,650000.000000,0.065000,0.029483,0.127077
2841,700000.000000,650000.000000,0.065000,0.029483,0.127077
2846,700000.000000,650000.000000,0.065000,0.029483,0.127077
2850,700000.000000,650000.000000,0.065000,0.029483,0.127077
2855,700000.000000,650000.000000,0.065000,0.029483,0.127077
2860,700000.000000,650000.000000,0.065000,0.029483,0.127077
2865,700000.000000,650000.000000,0.065000,0.029483,0.127077
2869,700000.000000,650000.000000,0.065000,0.029483,0.127077
2873,700000.000000,650000.000000,0.065000,0.029483,0.127077
2878,700000.000000,650000.000000,0.065000,0.029483,0.127077
2883,700000.000000,650000.000000,0.065000,0.029483,0.127077
2888,700000.000000,650000.000000,0.065000,0.029483,0.127077
2892,700000.000000,650000.000000,0.065000,0.029483,0.127077
2897,700000.000000,650000.000000,0.065000,0.029483,0.127077
2902,700000.000000,650000.000000,0.065000,0.029483,0.127077
2907,700000.000000,650000.000000,0.065000,0.029483,0.127077
2912,700000.000000,650000.000000,0.065000,0.029483,0.127077
2917,700000.000000,650000.000000,0.065000,0.029483,0.127077
2922,700000.000000,650000.000000,0.065000,0.029483,0.127077
2926,700000.000000,650000.000000,0.065000,0.029483,0.127077
2931,700000.000000,650000.000000,0.065000,0.029483,0.127077
2936,700000.000000,650000.000000,0.065000,0.029483,0.127077
2940,700000.000000,650000.000000,0.065000,0.029483,0.127077
2945,700000.000000,650000.000000,0.065000,0.029483,0.127077
2950,700000.000000,650000.000000,0.065000,0.029483,0.127077
2955,700000.000000,650000.000000,0.065000,0.029483,0.127077
2960,700000.000000,650000.000000,0.065000,0.029483,0.127077
2965,700000.000000,650000.000000,0.065000,0.029483,0.127077
2969,700000.000000,650000.000000,0.065000,0.029483,0.127077
2974,700000.000000,650000.000000,0.065000,0.029483,0.127077
2979,700000.000000,650000.000000,0.065000,0.029483,0.127077
2984,700000.000000,650000.000000,0.065000,0.029483,0.127077
2989,700000.000000,650000.000000,0.065000,0.029483,0.127077
2994,700000.000000,650000.000000,0.065000,0.029483,0.127077
2999,700000.000000,650000.000000,0.065000,0.029483,0.127077
3003,700000.000000,650000.000000,0.065000,0.029483,0.127077
3008,700000.000000,650000.000000,0.065000,0.029483,0.127077
3013,700000.000000,650000.000000,0.065000,0.029483,0.127077
3017,700000.000000,650000.000000,0.065000,0.029483,0.127077
3022,700000.000000,650000.000000,0.065000,0.029483,0.127077
3027,700000.000000,650000.000000,0.065000,0.029483,0.127077
3032,700000.000000,650000.000000,0.065000,0.029483,0.127077
3037,700000.000000,650000.000000,0.065000,0.029483,0.127077
3042,700000.000000,650000.000000,0.065000,0.029483,0.127077
3046,700000.000000,650000.000000,0.065000,0.029483,0.127077
3052,700000.000000,650000.000000,0.065000,0.029483,0.127077
3057,700000.000000,650000.000000,0.065000,0.029483,0.127077
3061,700000.000000,650000.000000,0.065000,0.029483,0.127077
3065,700000.000000,650000.000000,0.065000,0.029483,0.127077
3070,700000.000000,650000.000000,0.065000,0.029483,0.127077
3076,700000.000000,650000.000000,0.065000,0.029483,0.127077
3080,700000.000000,650000.000000,0.065000,0.029483,0.127077
3085,700000.000000,650000.000000,0.065000,0.029483,0.127077
3090,700000.000000,650000.000000,0.065000,0.029483,0.127077
3094,700000.000000,650000.000000,0.065000,0.029483,0.127077
3098,700000.000000,650000.000000,0.065000,0.029483,0.127077
3103,700000.000000,650000.000000,0.065000,0.029483,0.127077
3107,700000.000000,650000.000000,0.065000,0.029483,0.127077
3112,700000.000000,650000.000000,0.065000,0.029483,0.127077
3116,700000.000000,650000.000000,0.065000,0.029483,0.127077
3121,700000.000000,650000.000000,0.065000,0.029483,0.127077
3126,700000.000000,650000.000000,0.065000,0.029483,0.127077
3131,700000.000000,650000.000000,0.065000,0.029483,0.127077
3135,700000.000000,650000.000000,0.065000,0.029483,0.127077
3139,700000.000000,650000.000000,0.065000,0.029483,0.127077
3144,700000.000000,650000.000000,0.065000,0.029483,0.127077
3149,700000.000000,650000.000000,0.065000,0.029483,0.127077
3154,700000.000000,650000.000000,0.065000,0.029483,0.127077
3158,700000.000000,650000.000000,0.065000,0.029483,0.127077
3163,700000.000000,650000.000000,0.065000,0.029483,0.127077
3168,700000.000000,650000.000000,0.065000,0.029483,0.127077
3173,700000.000000,650000.000000,0.065000,0.029483,0.127077
3178,700000.000000,650000.000000,0.065000,0.029483,0.127077
3183,700000.000000,650000.000000,0.065000,0.029483,0.127077
3188,700000.000000,650000.000000,0.065000,0.029483,0.127077
3192,700000.000000,650000.000000,0.065000,0.029483,0.127077
3197,700000.000000,650000.000000,0.065000,0.029483,0.127077
3202,700000.000000,650000.000000,0.065000,0.029483,0.127077
3206,700000.000000,650000.000000,0.065000,0.029483,0.127077
3211,700000.000000,650000.000000,0.065000,0.029483,0.127077
3216,700000.000000,650000.000000,0.065000,0.029483,0.127077
3221,700000.000000,650000.000000,0.065000,0.029483,0.127077
3226,700000.000000,650000.000000,0.065000,0.029483,0.127077
3231,700000.000000,650000.000000,0.065000,0.029483,0.127077
3235,700000.000000,650000.000000,0.065000,0.029483,0.127077
3240,700000.000000,650000.000000,0.065000,0.029483,0.127077
3244,700000.000000,650000.000000,0.065000,0.029483,0.127077
3249,700000.000000,650000.000000,0.065000,0.029483,0.127077
3255,700000.000000,650000.000000,0.065000,0.029483,0.127077
3259,700000.000000,650000.000000,0.065000,0.029483,0.127077
3264,700000.000000,650000.000000,0.065000,0.029483,0.127077
3269,700000.000000,650000.000000,0.065000,0.029483,0.127077
3273,700000.000000,650000.000000,0.065000,0.029483,0.127077
3278,700000.000000,650000.000000,0.065000,0.029483,0.127077
3282,700000.000000,650000.000000,0.065000,0.029483,0.127077
3287,700000.000000,650000.000000,0.065000,0.029483,0.127077
3292,700000.000000,650000.000000,0.065000,0.029483,0.127077
3297,700000.000000,650000.000000,0.065000,0.029483,0.127077
3301,700000.000000,650000.000000,0.065000,0.029483,0.127077
3305,700000.000000,650000.000000,0.065000,0.029483,0.127077
3310,700000.000000,650000.000000,0.065000,0.029483,0.127077
3315,700000.000000,650000.000000,0.065000,0.029483,0.127077
3319,700000.000000,650000.000000,0.065000,0.029483,0.127077
3324,700000.000000,650000.000000,0.065000,0.029483,0.127077
3329,700000.000000,650000.000000,0.065000,0.029483,0.127077
3333,700000.000000,650000.000000,0.065000,0.029483,0.127077
3338,700000.000000,650000.000000,0.065000,0.029483,0.127077
3343,700000.000000,650000.000000,0.065000,0.029483,0.127077
3347,700000.000000,650000.000000,0.065000,0.029483,0.127077
3352,700000.000000,650000.000000,0.065000,0.029483,0.127077
3357,700000.000000,650000.000000,0.065000,0.029483,0.127077
3361,700000.000000,650000.000000,0.065000,0.029483,0.127077
3366,700000.000000,650000.000000,0.065000,0.029483,0.127077
3370,700000.000000,650000.000000,0.065000,0.029483,0.127077
3375,700000.000000,650000.000000,0.065000,0.029483,0.127077
3380,700000.000000,650000.000000,0.065000,0.029483,0.127077
3385,700000.000000,650000.000000,0.065000,0.029483,0.127077
3389,700000.000000,650000.000000,0.065000,0.029483,0.127077
3394,700000.000000,650000.000000,0.065000,0.029483,0.127077
3399,700000.000000,650000.000000,0.065000,0.029483,0.127077
3404,700000.000000,650000.000000,0.065000,0.029483,0.127077
3409,700000.000000,650000.000000,0.065000,0.029483,0.127077
3413,700000.000000,650000.000000,0.065000,0.029483,0.127077
3419,700000.000000,650000.000000,0.065000,0.029483,0.127077
3423,700000.000000,650000.000000,0.065000,0.029483,0.127077
3428,700000.000000,650000.000000,0.065000,0.029483,0.127077
3433,700000.000000,650000.000000,0.065000,0.029483,0.127077
3438,700000.000000,650000.000000,0.065000,0.029483,0.127077
3443,700000.000000,650000.000000,0.065000,0.029483,0.127077
3447,700000.000000,650000.000000,0.065000,0.029483,0.127077
3452,700000.000000,650000.000000,0.065000,0.029483,0.127077
3457,700000.000000,650000.000000,0.065000,0.029483,0.127077
3462,700000.000000,650000.000000,0.065000,0.029483,0.127077
3466,700000.000000,650000.000000,0.065000,0.029483,0.127077
3471,700000.000000,650000.000000,0.065000,0.029483,0.127077
3476,700000.000000,650000.000000,0.065000,0.029483,0.127077
3481,700000.000000,650000.000000,0.065000,0.029483,0.127077
3486,700000.000000,650000.000000,0.065000,0.029483,0.127077
3490,700000.000000,650000.000000,0.065000,0.029483,0.127077
3495,700000.000000,650000.000000,0.065000,0.029483,0.127077
3500,700000.000000,650000.000000,0.065000,0.029483,0.127077
3504,700000.000000,650000.000000,0.065000,0.029483,0.127077
3508,700000.000000,650000.000000,0.065000,0.029483,0.127077
3512,700000.000000,650000.000000,0.065000,0.029483,0.127077
3517,700000.000000,650000.000000,0.065000,0.029483,0.127077
3522,700000.000000,650000.000000,0.065000,0.029483,0.127077
3526,700000.000000,650000.000000,0.065000,0.029483,0.127077
3532,700000.000000,650000.000000,0.065000,0.029483,0.127077
3536,700000.000000,650000.000000,0.065000,0.029483,0.127077
3541,700000.000000,650000.000000,0.065000,0.029483,0.127077
3546,700000.000000,650000.000000,0.065000,0.029483,0.127077
3551,700000.000000,650000.000000,0.065000,0.029483,0.127077
3556,700000.000000,650000.000000,0.065000,0.029483,0.127077
3560,700000.000000,650000.000000,0.065000,0.029483,0.127077
3565,700000.000000,650000.000000,0.065000,0.029483,0.127077
3570,700000.000000,650000.000000,0.065000,0.029483,0.127077
3575,700000.000000,650000.000000,0.065000,0.029483,0.127077
3579,700000.000000,650000.000000,0.065000,0.029483,0.127077
3584,700000.000000,650000.000000,0.065000,0.029483,0.127077
3589,700000.000000,650000.000000,0.065000,0.029483,0.127077
3594,700000.000000,650000.000000,0.065000,0.029483,0.127077
3599,700000.000000,650000.000000,0.065000,0.029483,0.127077
3603,700000.000000,650000.000000,0.065000,0.029483,0.127077
3608,700000.000000,650000.000000,0.065000,0.029483,0.127077
3613,700000.000000,650000.000000,0.065000,0.029483,0.127077
3617,700000.000000,650000.000000,0.065000,0.029483,0.127077
3621,700000.000000,650000.000000,0.065000,0.029483,0.127077
3625,700000.000000,650000.000000,0.065000,0.029483,0.127077
3630,700000.000000,650000.000000,0.065000,0.029483,0.127077
3635,700000.000000,650000.000000,0.065000,0.029483,0.127077
3639,700000.000000,650000.000000,0.065000,0.029483,0.127077
3645,700000.000000,650000.000000,0.065000,0.029483,0.127077
3649,700000.000000,650000.000000,0.065000,0.029483,0.127077
3654,700000.000000,650000.000000,0.065000,0.029483,0.127077
3659,700000.000000,650000.000000,0.065000,0.029483,0.127077
3664,700000.000000,650000.000000,0.065000,0.029483,0.127077
3669,700000.000000,650000.000000,0.065000,0.029483,0.127077
3673,700000.000000,650000.000000,0.065000,0.029483,0.127077
3678,700000.000000,650000.000000,0.065000,0.029483,0.127077
3683,700000.000000,650000.000000,0.065000,0.029483,0.127077
3688,700000.000000,650000.000000,0.065000,0.029483,0.127077
3692,700000.000000,650000.000000,0.065000,0.029483,0.127077
3697,700000.000000,650000.000000,0.065000,0.029483,0.127077
3702,700000.000000,650000.000000,0.065000,0.029483,0.127077
3707,700000.000000,650000.000000,0.065000,0.029483,0.127077
3712,700000.000000,650000.000000,0.065000,0.029483,0.127077
3716,700000.000000,650000.000000,0.065000,0.029483,0.127077
3722,700000.000000,650000.000000,0.065000,0.029483,0.127077
3726,700000.000000,650000.000000,0.065000,0.029483,0.127077
3731,700000.000000,650000.000000,0.065000,0.029483,0.127077
3736,700000.000000,650000.000000,0.065000,0.029483,0.127077
3741,700000.000000,650000.000000,0.065000,0.029483,0.127077
3746,700000.000000,650000.000000,0.065000,0.029483,0.127077
3750,700000.000000,650000.000000,0.065000,0.029483,0.127077
3755,700000.000000,650000.000000,0.065000,0.029483,0.127077
3760,700000.000000,650000.000000,0.065000,0.029483,0.127077
3765,700000.000000,650000.000000,0.065000,0.029483,0.127077
3769,700000.000000,650000.000000,0.065000,0.029483,0.127077
3774,700000.000000,650000.000000,0.065000,0.029483,0.127077
3779,700000.000000,650000.000000,0.065000,0.029483,0.127077
3784,700000.000000,650000.000000,0.065000,0.029483,0.127077
3789,700000.000000,650000.000000,0.065000,0.029483,0.127077
3793,700000.000000,650000.000000,0.065000,0.029483,0.127077
3799,700000.000000,650000.000000,0.065000,0.029483,0.127077
3803,700000.000000,650000.000000,0.065000,0.029483,0.127077
3808,700000.000000,650000.000000,0.065000,0.029483,0.127077
3813,700000.000000,650000.000000,0.065000,0.029483,0.127077
3818,700000.000000,650000.000000,0.065000,0.029483,0.127077
3823,700000.000000,650000.000000,0.065000,0.029483,0.127077
3827,700000.000000,650000.000000,0.065000,0.029483,0.127077
3832,700000.000000,650000.000000,0.065000,0.029483,0.127077
3837,700000.000000,650000.000000,0.065000,0.029483,0.127077
3842,700000.000000,650000.000000,0.065000,0.029483,0.127077
3846,700000.000000,650000.000000,0.065000,0.029483,0.127077
3851,700000.000000,650000.000000,0.065000,0.029483,0.127077
3856,700000.000000,650000.000000,0.065000,0.029483,0.127077
3861,700000.000000,650000.000000,0.065000,0.029483,0.127077
3866,700000.000000,650000.000000,0.065000,0.029483,0.127077
3870,700000.000000,650000.000000,0.065000,0.029483,0.127077
3875,700000.000000,650000.000000,0.065000,0.029483,0.127077
3880,700000.000000,650000.000000,0.065000,0.029483,0.127077
3884,700000.000000,650000.000000,0.065000,0.029483,0.127077
3888,700000.000000,650000.000000,0.065000,0.029483,0.127077
3892,700000.000000,650000.000000,0.065000,0.029483,0.127077
3897,700000.000000,650000.000000,0.065000,0.029483,0.127077
3902,700000.000000,650000.000000,0.065000,0.029483,0.127077
3906,700000.000000,650000.000000,0.065000,0.029483,0.127077
3912,700000.000000,650000.000000,0.065000,0.029483,0.127077
3916,700000.000000,650000.000000,0.065000,0.029483,0.127077
3921,700000.000000,650000.000000,0.065000,0.029483,0.127077
3926,700000.000000,650000.000000,0.065000,0.029483,0.127077
3931,700000.000000,650000.000000,0.065000,0.029483,0.127077
3936,700000.000000,650000.000000,0.065000,0.029483,0.127077
3940,700000.000000,650000.000000,0.065000,0.029483,0.127077
3945,700000.000000,650000.000000,0.065000,0.029483,0.127077
3950,700000.000000,650000.000000,0.065000,0.029483,0.127077
3955,700000.000000,650000.000000,0.065000,0.029483,0.127077
3959,700000.000000,650000.000000,0.065000,0.029483,0.127077
3964,700000.000000,650000.000000,0.065000,0.029483,0.127077
3969,700000.000000,650000.000000,0.065000,0.029483,0.127077
3974,700000.000000,650000.000000,0.065000,0.029483,0.127077
3979,700000.000000,650000.000000,0.065000,0.029483,0.127077
3983,700000.000000,650000.000000,0.065000,0.029483,0.127077
3989,700000.000000,650000.000000,0.065000,0.029483,0.127077
3993,700000.000000,650000.000000,0.065000,0.029483,0.127077
3998,700000.000000,650000.000000,0.065000,0.029483,0.127077
4003,700000.000000,650000.000000,0.065000,0.029483,0.127077
4008,700000.000000,650000.000000,0.065000,0.029483,0.127077
4013,700000.000000,650000.000000,0.065000,0.029483,0.127077
4017,700000.000000,650000.000000,0.065000,0.029483,0.127077
4022,700000.000000,650000.000000,0.065000,0.029483,0.127077
4027,700000.000000,650000.000000,0.065000,0.029483,0.127077
4032,700000.000000,650000.000000,0.065000,0.029483,0.127077
4036,700000.000000,650000.000000,0.065000,0.029483,0.127077
4041,700000.000000,650000.000000,0.065000,0.029483,0.127077
4046,700000.000000,650000.000000,0.065000,0.029483,0.127077
4051,700000.000000,650000.000000,0.065000,0.029483,0.127077
4056,700000.000000,650000.000000,0.065000,0.029483,0.127077
4060,700000.000000,650000.000000,0.065000,0.029483,0.127077
4066,700000.000000,650000.000000,0.065000,0.029483,0.127077
4070,700000.000000,650000.000000,0.065000,0.029483,0.127077
4075,700000.000000,650000.000000,0.065000,0.029483,0.127077
4080,700000.000000,650000.000000,0.065000,0.029483,0.127077
4085,700000.000000,650000.000000,0.065000,0.029483,0.127077
4090,700000.000000,650000.000000,0.065000,0.029483,0.127077
4094,700000.000000,650000.000000,0.065000,0.029483,0.127077
4099,700000.000000,650000.000000,0.065000,0.029483,0.127077
4104,700000.000000,650000.000000,0.065000,0.029483,0.127077
4109,700000.000000,650000.000000,0.065000,0.029483,0.127077
4113,700000.000000,650000.000000,0.065000,0.029483,0.127077
4118,700000.000000,650000.000000,0.065000,0.029483,0.127077
4123,700000.000000,650000.000000,0.065000,0.029483,0.127077
4128,700000.000000,650000.000000,0.065000,0.029483,0.127077
4133,700000.000000,650000.000000,0.065000,0.029483,0.127077
4137,700000.000000,650000.000000,0.065000,0.029483,0.127077
4143,700000.000000,650000.000000,0.065000,0.029483,0.127077
4147,700000.000000,650000.000000,0.065000,0.029483,0.127077
4152,700000.000000,650000.000000,0.065000,0.029483,0.127077
4157,700000.000000,650000.000000,0.065000,0.029483,0.127077
4162,700000.000000,650000.000000,0.065000,0.029483,0.127077
4167,700000.000000,650000.000000,0.065000,0.029483,0.127077
4171,700000.000000,650000.000000,0.065000,0.029483,0.127077
4176,700000.000000,650000.000000,0.065000,0.029483,0.127077
4181,700000.000000,650000.000000,0.065000,0.029483,0.127077
4186,700000.000000,650000.000000,0.065000,0.029483,0.127077
4190,700000.000000,650000.000000,0.065000,0.029483,0.127077
4195,700000.000000,650000.000000,0.065000,0.029483,0.127077
4200,700000.000000,650000.000000,0.065000,0.029483,0.127077
4205,700000.000000,650000.000000,0.065000,0.029483,0.127077
4210,700000.000000,650000.000000,0.065000,0.029483,0.127077
4214,700000.000000,650000.000000,0.065000,0.029483,0.127077
4220,700000.000000,650000.000000,0.065000,0.029483,0.127077
4224,700000.000000,650000.000000,0.065000,0.029483,0.127077
4229,700000.000000,650000.000000,0.065000,0.029483,0.127077
4234,700000.000000,650000.000000,0.065000,0.029483,0.127077
4239,700000.000000,650000.000000,0.065000,0.029483,0.127077
4244,700000.000000,650000.000000,0.065000,0.029483,0.127077
4248,700000.000000,650000.000000,0.065000,0.029483,0.127077
4253,700000.000000,650000.000000,0.065000,0.029483,0.127077
4258,700000.000000,650000.000000,0.065000,0.029483,0.127077
4263,700000.000000,650000.000000,0.065000,0.029483,0.127077
4267,700000.000000,650000.000000,0.065000,0.029483,0.127077
4271,700000.000000,650000.000000,0.065000,0.029483,0.127077
4276,700000.000000,650000.000000,0.065000,0.029483,0.127077
4280,700000.000000,650000.000000,0.065000,0.029483,0.127077
4285,700000.000000,650000.000000,0.065000,0.029483,0.127077
4290,700000.000000,650000.000000,0.065000,0.029483,0.127077
4295,700000.000000,650000.000000,0.065000,0.029483,0.127077
4300,700000.000000,650000.000000,0.065000,0.029483,0.127077
4304,700000.000000,650000.000000,0.065000,0.029483,0.127077
4309,700000.000000,650000.000000,0.065000,0.029483,0.127077
4314,700000.000000,650000.000000,0.065000,0.029483,0.127077
4319,700000.000000,650000.000000,0.065000,0.029483,0.127077
4323,700000.000000,650000.000000,0.065000,0.029483,0.127077
4327,700000.000000,650000.000000,0.065000,0.029483,0.127077
4332,700000.000000,650000.000000,0.065000,0.029483,0.127077
4337,700000.000000,650000.000000,0.065000,0.029483,0.127077
4341,700000.000000,650000.000000,0.065000,0.029483,0.127077
4347,700000.000000,650000.000000,0.065000,0.029483,0.127077
4351,700000.000000,650000.000000,0.065000,0.029483,0.127077
4356,700000.000000,650000.000000,0.065000,0.029483,0.127077
4361,700000.000000,650000.000000,0.065000,0.029483,0.127077
4366,700000.000000,650000.000000,0.065000,0.029483,0.127077
4371,700000.000000,650000.000000,0.065000,0.029483,0.127077
4375,700000.000000,650000.000000,0.065000,0.029483,0.127077
4380,700000.000000,650000.000000,0.065000,0.029483,0.127077
4385,700000.000000,650000.000000,0.065000,0.029483,0.127077
4390,700000.000000,650000.000000,0.065000,0.029483,0.127077
4394,700000.000000,650000.000000,0.065000,0.029483,0.127077
4399,700000.000000,650000.000000,0.065000,0.029483,0.127077
4404,700000.000000,650000.000000,0.065000,0.029483,0.127077
4409,700000.000000,650000.000000,0.065000,0.029483,0.127077
4414,700000.000000,650000.000000,0.065000,0.029483,0.127077
4418,700000.000000,650000.000000,0.065000,0.029483,0.127077
4424,700000.000000,650000.000000,0.065000,0.029483,0.127077
4428,700000.000000,650000.000000,0.065000,0.029483,0.127077
4433,700000.000000,650000.000000,0.065000,0.029483,0.127077
4438,700000.000000,650000.000000,0.065000,0.029483,0.127077
4443,700000.000000,650000.000000,0.065000,0.029483,0.127077
4448,700000.000000,650000.000000,0.065000,0.029483,0.127077
4452,700000.000000,650000.000000,0.065000,0.029483,0.127077
4457,700000.000000,650000.000000,0.065000,0.029483,0.127077
4462,700000.000000,650000.000000,0.065000,0.029483,0.127077
4467,700000.000000,650000.000000,0.065000,0.029483,0.127077
4471,700000.000000,650000.000000,0.065000,0.029483,0.127077
4476,700000.000000,650000.000000,0.065000,0.029483,0.127077
4481,700000.000000,650000.000000,0.065000,0.029483,0.127077
4486,700000.000000,650000.000000,0.065000,0.029483,0.127077
4491,700000.000000,650000.000000,0.065000,0.029483,0.127077
4495,700000.000000,650000.000000,0.065000,0.029483,0.127077
4501,700000.000000,650000.000000,0.065000,0.029483,0.127077
4505,700000.000000,650000.000000,0.065000,0.029483,0.127077
4510,700000.000000,650000.000000,0.065000,0.029483,0.127077
4515,700000.000000,650000.000000,0.065000,0.029483,0.127077
4520,700000.000000,650000.000000,0.065000,0.029483,0.127077
4525,700000.000000,650000.000000,0.065000,0.029483,0.127077
4529,700000.000000,650000.000000,0.065000,0.029483,0.127077
4534,700000.000000,650000.000000,0.065000,0.029483,0.127077
4539,700000.000000,650000.000000,0.065000,0.029483,0.127077
4544,700000.000000,650000.000000,0.065000,0.029483,0.127077
4548,700000.000000,650000.000000,0.065000,0.029483,0.127077
4553,700000.000000,650000.000000,0.065000,0.029483,0.127077
4558,700000.000000,650000.000000,0.065000,0.029483,0.127077
4563,700000.000000,650000.000000,0.065000,0.029483,0.127077
4568,700000.000000,650000.000000,0.065000,0.029483,0.127077
4572,700000.000000,650000.000000,0.065000,0.029483,0.127077
4578,700000.000000,650000.000000,0.065000,0.029483,0.127077
4582,700000.000000,650000.000000,0.065000,0.029483,0.127077
4587,700000.000000,650000.000000,0.065000,0.029483,0.127077
4592,700000.000000,650000.000000,0.065000,0.029483,0.127077
4597,700000.000000,650000.000000,0.065000,0.029483,0.127077
4602,700000.000000,650000.000000,0.065000,0.029483,0.127077
4606,700000.000000,650000.000000,0.065000,0.029483,0.127077
4611,700000.000000,650000.000000,0.065000,0.029483,0.127077
4616,700000.000000,650000.000000,0.065000,0.029483,0.127077
4621,700000.000000,650000.000000,0.065000,0.029483,0.127077
4625,700000.000000,650000.000000,0.065000,0.029483,0.127077
4630,700000.000000,650000.000000,0.065000,0.029483,0.127077
4635,700000.000000,650000.000000,0.065000,0.029483,0.127077
4640,700000.000000,650000.000000,0.065000,0.029483,0.127077
4645,700000.000000,650000.000000,0.065000,0.029483,0.127077
4649,700000.000000,650000.000000,0.065000,0.029483,0.127077
4655,700000.000000,650000.000000,0.065000,0.029483,0.127077
4659,700000.000000,650000.000000,0.065000,0.029483,0.127077
4664,700000.000000,650000.000000,0.065000,0.029483,0.127077
4669,700000.000000,650000.000000,0.065000,0.029483,0.127077
4674,700000.000000,650000.000000,0.065000,0.029483,0.127077
4679,700000.000000,650000.000000,0.065000,0.029483,0.127077
4683,700000.000000,650000.000000,0.065000,0.029483,0.127077
4688,700000.000000,650000.000000,0.065000,0.029483,0.127077
4693,700000.000000,650000.000000,0.065000,0.029483,0.127077
4698,700000.000000,650000.000000,0.065000,0.029483,0.127077
4702,700000.000000,650000.000000,0.065000,0.029483,0.127077
4707,700000.000000,650000.000000,0.065000,0.029483,0.127077
4712,700000.000000,650000.000000,0.065000,0.029483,0.127077
4717,700000.000000,650000.000000,0.065000,0.029483,0.127077
4721,700000.000000,650000.000000,0.065000,0.029483,0.127077
4726,700000.000000,650000.000000,0.065000,0.029483,0.127077
4731,700000.000000,650000.000000,0.065000,0.029483,0.127077
4736,700000.000000,650000.000000,0.065000,0.029483,0.127077
4741,700000.000000,650000.000000,0.065000,0.029483,0.127077
4746,700000.000000,650000.000000,0.065000,0.029483,0.127077
4751,700000.000000,650000.000000,0.065000,0.029483,0.127077
4756,700000.000000,650000.000000,0.065000,0.029483,0.127077
4760,700000.000000,650000.000000,0.065000,0.029483,0.127077
4765,700000.000000,650000.000000,0.065000,0.029483,0.127077
4770,700000.000000,650000.000000,0.065000,0.029483,0.127077
4775,700000.000000,650000.000000,0.065000,0.029483,0.127077
4779,700000.000000,650000.000000,0.065000,0.029483,0.127077
4784,700000.000000,650000.000000,0.065000,0.029483,0.127077
4789,700000.000000,650000.000000,0.065000,0.029483,0.127077
4794,700000.000000,650000.000000,0.065000,0.029483,0.127077
4799,700000.000000,650000.000000,0.065000,0.029483,0.127077
4803,700000.000000,650000.000000,0.065000,0.029483,0.127077
4809,700000.000000,650000.000000,0.065000,0.029483,0.127077
4813,700000.000000,650000.000000,0.065000,0.029483,0.127077
4818,700000.000000,650000.000000,0.065000,0.029483,0.127077
4823,700000.000000,650000.000000,0.065000,0.029483,0.127077
4828,700000.000000,650000.000000,0.065000,0.029483,0.127077
4833,700000.000000,650000.000000,0.065000,0.029483,0.127077
4837,700000.000000,650000.000000,0.065000,0.029483,0.127077
4842,700000.000000,650000.000000,0.065000,0.029483,0.127077
4847,700000.000000,650000.000000,0.065000,0.029483,0.127077
4852,700000.000000,650000.000000,0.065000,0.029483,0.127077
4856,700000.000000,650000.000000,0.065000,0.029483,0.127077
4861,700000.000000,650000.000000,0.065000,0.029483,0.127077
4866,700000.000000,650000.000000,0.065000,0.029483,0.127077
4871,700000.000000,650000.000000,0.065000,0.029483,0.127077
4876,700000.000000,650000.000000,0.065000,0.029483,0.127077
4880,700000.000000,650000.000000,0.065000,0.029483,0.127077
4886,700000.000000,650000.000000,0.065000,0.029483,0.127077
4890,700000.000000,650000.000000,0.065000,0.029483,0.127077
4895,700000.000000,650000.000000,0.065000,0.029483,0.127077
4900,700000.000000,650000.000000,0.065000,0.029483,0.127077
4905,700000.000000,650000.000000,0.065000,0.029483,0.127077
4910,700000.000000,650000.000000,0.065000,0.029483,0.127077
4914,700000.000000,650000.000000,0.065000,0.029483,0.127077
4919,700000.000000,650000.000000,0.065000,0.029483,0.127077
4924,700000.000000,650000.000000,0.065000,0.029483,0.127077
4929,700000.000000,650000.000000,0.065000,0.029483,0.127077
4933,700000.000000,650000.000000,0.065000,0.029483,0.127077
4938,700000.000000,650000.000000,0.065000,0.029483,0.127077
4943,700000.000000,650000.000000,0.065000,0.029483,0.127077
4948,700000.000000,650000.000000,0.065000,0.029483,0.127077
4953,700000.000000,650000.000000,0.065000,0.029483,0.127077
4957,700000.000000,650000.000000,0.065000,0.029483,0.127077
4963,700000.000000,650000.000000,0.065000,0.029483,0.127077
4967,700000.000000,650000.000000,0.065000,0.029483,0.127077
4972,700000.000000,650000.000000,0.065000,0.029483,0.127077
4977,700000.000000,650000.000000,0.065000,0.029483,0.127077
4982,700000.000000,650000.000000,0.065000,0.029483,0.127077
4987,700000.000000,650000.000000,0.065000,0.029483,0.127077
4991,700000.000000,650000.000000,0.065000,0.029483,0.127077
4996,700000.000000,650000.000000,0.065000,0.029483,0.127077
5001,700000.000000,650000.000000,0.065000,0.029483,0.127077
5006,700000.000000,650000.000000,0.065000,0.029483,0.127077
5010,700000.000000,650000.000000,0.065000,0.029483,0.127077
5015,700000.000000,650000.000000,0.065000,0.029483,0.127077
5020,700000.000000,650000.000000,0.065000,0.029483,0.127077
5025,700000.000000,650000.000000,0.065000,0.029483,0.127077
5030,700000.000000,650000.000000,0.065000,0.029483,0.127077
5034,700000.000000,650000.000000,0.065000,0.029483,0.127077
5040,700000.000000,650000.000000,0.065000,0.029483,0.127077
5044,700000.000000,650000.000000,0.065000,0.029483,0.127077
5049,700000.000000,650000.000000,0.065000,0.029483,0.127077
5054,700000.000000,650000.000000,0.065000,0.029483,0.127077
5059,700000.000000,650000.000000,0.065000,0.029483,0.127077
5064,700000.000000,650000.000000,0.065000,0.029483,0.127077
5068,700000.000000,650000.000000,0.065000,0.029483,0.127077
5073,700000.000000,650000.000000,0.065000,0.029483,0.127077
5079,700000.000000,650000.000000,0.065000,0.029483,0.127077
5083,700000.000000,650000.000000,0.065000,0.029483,0.127077
5089,700000.000000,650000.000000,0.065000,0.029483,0.127077
5094,700000.000000,650000.000000,0.065000,0.029483,0.127077
5098,700000.000000,650000.000000,0.065000,0.029483,0.127077
5103,700000.000000,650000.000000,0.065000,0.029483,0.127077
5108,700000.000000,650000.000000,0.065000,0.029483,0.127077
5113,700000.000000,650000.000000,0.065000,0.029483,0.127077
5117,700000.000000,650000.000000,0.065000,0.029483,0.127077
5122,700000.000000,650000.000000,0.065000,0.029483,0.127077
5127,700000.000000,650000.000000,0.065000,0.029483,0.127077
5131,700000.000000,650000.000000,0.065000,0.029483,0.127077
5135,700000.000000,650000.000000,0.065000,0.029483,0.127077
5140,700000.000000,650000.000000,0.065000,0.029483,0.127077
5145,700000.000000,650000.000000,0.065000,0.029483,0.127077
5150,700000.000000,650000.000000,0.065000,0.029483,0.127077
5155,700000.000000,650000.000000,0.065000,0.029483,0.127077
5160,700000.000000,650000.000000,0.065000,0.029483,0.127077
5165,700000.000000,650000.000000,0.065000,0.029483,0.127077
5169,700000.000000,650000.000000,0.065000,0.029483,0.127077
5174,700000.000000,650000.000000,0.065000,0.029483,0.127077
5179,700000.000000,650000.000000,0.065000,0.029483,0.127077
5183,700000.000000,650000.000000,0.065000,0.029483,0.127077
5188,700000.000000,650000.000000,0.065000,0.029483,0.127077
5193,700000.000000,650000.000000,0.065000,0.029483,0.127077
5197,700000.000000,650000.000000,0.065000,0.029483,0.127077
5202,700000.000000,650000.000000,0.065000,0.029483,0.127077
5207,700000.000000,650000.000000,0.065000,0.029483,0.127077
5211,700000.000000,650000.000000,0.065000,0.029483,0.127077
5216,700000.000000,650000.000000,0.065000,0.029483,0.127077
5220,700000.000000,650000.000000,0.065000,0.029483,0.127077
5225,700000.000000,650000.000000,0.065000,0.029483,0.127077
5230,700000.000000,650000.000000,0.065000,0.029483,0.127077
5235,700000.000000,650000.000000,0.065000,0.029483,0.127077
5239,700000.000000,650000.000000,0.065000,0.029483,0.127077
5244,700000.000000,650000.000000,0.065000,0.029483,0.127077
5249,700000.000000,650000.000000,0.065000,0.029483,0.127077
5254,700000.000000,650000.000000,0.065000,0.029483,0.127077
5259,700000.000000,650000.000000,0.065000,0.029483,0.127077
5263,700000.000000,650000.000000,0.065000,0.029483,0.127077
5269,700000.000000,650000.000000,0.065000,0.029483,0.127077
5273,700000.000000,650000.000000,0.065000,0.029483,0.127077
5278,700000.000000,650000.000000,0.065000,0.029483,0.127077
5283,700000.000000,650000.000000,0.065000,0.029483,0.127077
5288,700000.000000,650000.000000,0.065000,0.029483,0.127077
5293,700000.000000,650000.000000,0.065000,0.029483,0.127077
5297,700000.000000,650000.000000,0.065000,0.029483,0.127077
5302,700000.000000,650000.000000,0.065000,0.029483,0.127077
5307,700000.000000,650000.000000,0.065000,0.029483,0.127077
5312,700000.000000,650000.000000,0.065000,0.029483,0.127077
5316,700000.000000,650000.000000,0.065000,0.029483,0.127077
5320,700000.000000,650000.000000,0.065000,0.029483,0.127077
5325,700000.000000,650000.000000,0.065000,0.029483,0.127077
5330,700000.000000,650000.000000,0.065000,0.029483,0.127077
5335,700000.000000,650000.000000,0.065000,0.029483,0.127077
5339,700000.000000,650000.000000,0.065000,0.029483,0.127077
5344,700000.000000,650000.000000,0.065000,0.029483,0.127077
5349,700000.000000,650000.000000,0.065000,0.029483,0.127077
5354,700000.000000,650000.000000,0.065000,0.029483,0.127077
5359,700000.000000,650000.000000,0.065000,0.029483,0.127077
5364,700000.000000,650000.000000,0.065000,0.029483,0.127077
5369,700000.000000,650000.000000,0.065000,0.029483,0.127077
5373,700000.000000,650000.000000,0.065000,0.029483,0.127077
5378,700000.000000,650000.000000,0.065000,0.029483,0.127077
5383,700000.000000,650000.000000,0.065000,0.029483,0.127077
5387,700000.000000,650000.000000,0.065000,0.029483,0.127077
5392,700000.000000,650000.000000,0.065000,0.029483,0.127077
5397,700000.000000,650000.000000,0.065000,0.029483,0.127077
5402,700000.000000,650000.000000,0.065000,0.029483,0.127077
5407,700000.000000,650000.000000,0.065000,0.029483,0.127077
5412,700000.000000,650000.000000,0.065000,0.029483,0.127077
5416,700000.000000,650000.000000,0.065000,0.029483,0.127077
5421,700000.000000,650000.000000,0.065000,0.029483,0.127077
5425,700000.000000,650000.000000,0.065000,0.029483,0.127077
5430,700000.000000,650000.000000,0.065000,0.029483,0.127077
5436,700000.000000,650000.000000,0.065000,0.029483,0.127077
5440,700000.000000,650000.000000,0.065000,0.029483,0.127077
5445,700000.000000,650000.000000,0.065000,0.029483,0.127077
5450,700000.000000,650000.000000,0.065000,0.029483,0.127077
5454,700000.000000,650000.000000,0.065000,0.029483,0.127077
5459,700000.000000,650000.000000,0.065000,0.029483,0.127077
5463,700000.000000,650000.000000,0.065000,0.029483,0.127077
5468,700000.000000,650000.000000,0.065000,0.029483,0.127077
5473,700000.000000,650000.000000,0.065000,0.029483,0.127077
5478,700000.000000,650000.000000,0.065000,0.029483,0.127077
5482,700000.000000,650000.000000,0.065000,0.029483,0.127077
5486,700000.000000,650000.000000,0.065000,0.029483,0.127077
5491,700000.000000,650000.000000,0.065000,0.029483,0.127077
5496,700000.000000,650000.000000,0.065000,0.029483,0.127077
5500,700000.000000,650000.000000,0.065000,0.029483,0.127077
5505,700000.000000,650000.000000,0.065000,0.029483,0.127077
5510,700000.000000,650000.000000,0.065000,0.029483,0.127077
5514,700000.000000,650000.000000,0.065000,0.029483,0.127077
5519,700000.000000,650000.000000,0.065000,0.029483,0.127077
5524,700000.000000,650000.000000,0.065000,0.029483,0.127077
5529,700000.000000,650000.000000,0.065000,0.029483,0.127077
5534,700000.000000,650000.000000,0.065000,0.029483,0.127077
5539,700000.000000,650000.000000,0.065000,0.029483,0.127077
5543,700000.000000,650000.000000,0.065000,0.029483,0.127077
5548,700000.000000,650000.000000,0.065000,0.029483,0.127077
5553,700000.000000,650000.000000,0.065000,0.029483,0.127077
5558,700000.000000,650000.000000,0.065000,0.029483,0.127077
5563,700000.000000,650000.000000,0.065000,0.029483,0.127077
5568,700000.000000,650000.000000,0.065000,0.029483,0.127077
5573,700000.000000,650000.000000,0.065000,0.029483,0.127077
5577,700000.000000,650000.000000,0.065000,0.029483,0.127077
5582,700000.000000,650000.000000,0.065000,0.029483,0.127077
5587,700000.000000,650000.000000,0.065000,0.029483,0.127077
5591,700000.000000,650000.000000,0.065000,0.029483,0.127077
5596,700000.000000,650000.000000,0.065000,0.029483,0.127077
5601,700000.000000,650000.000000,0.065000,0.029483,0.127077
5605,700000.000000,650000.000000,0.065000,0.029483,0.127077
5610,700000.000000,650000.000000,0.065000,0.029483,0.127077
5615,700000.000000,650000.000000,0.065000,0.029483,0.127077
5619,700000.000000,650000.000000,0.065000,0.029483,0.127077
5624,700000.000000,650000.000000,0.065000,0.029483,0.127077
5628,700000.000000,650000.000000,0.065000,0.029483,0.127077
5633,700000.000000,650000.000000,0.065000,0.029483,0.127077
5638,700000.000000,650000.000000,0.065000,0.029483,0.127077
5643,700000.000000,650000.000000,0.065000,0.029483,0.127077
5647,700000.000000,650000.000000,0.065000,0.029483,0.127077
5652,700000.000000,650000.000000,0.065000,0.029483,0.127077
5657,700000.000000,650000.000000,0.065000,0.029483,0.127077
5662,700000.000000,650000.000000,0.065000,0.029483,0.127077
5667,700000.000000,650000.000000,0.065000,0.029483,0.127077
5671,700000.000000,650000.000000,0.065000,0.029483,0.127077
5676,700000.000000,650000.000000,0.065000,0.029483,0.127077
5681,700000.000000,650000.000000,0.065000,0.029483,0.127077
5685,700000.000000,650000.000000,0.065000,0.029483,0.127077
5689,700000.000000,650000.000000,0.065000,0.029483,0.127077
5693,700000.000000,650000.000000,0.065000,0.029483,0.127077
5698,700000.000000,650000.000000,0.065000,0.029483,0.127077
5703,700000.000000,650000.000000,0.065000,0.029483,0.127077
5707,700000.000000,650000.000000,0.065000,0.029483,0.127077
5713,700000.000000,650000.000000,0.065000,0.029483,0.127077
5717,700000.000000,650000.000000,0.065000,0.029483,0.127077
5722,700000.000000,650000.000000,0.065000,0.029483,0.127077
5727,700000.000000,650000.000000,0.065000,0.029483,0.127077
5732,700000.000000,650000.000000,0.065000,0.029483,0.127077
5737,700000.000000,650000.000000,0.065000,0.029483,0.127077
5741,700000.000000,650000.000000,0.065000,0.029483,0.127077
5746,700000.000000,650000.000000,0.065000,0.029483,0.127077
5751,700000.000000,650000.000000,0.065000,0.029483,0.127077
5756,700000.000000,650000.000000,0.065000,0.029483,0.127077
5760,700000.000000,650000.000000,0.065000,0.029483,0.127077
5765,700000.000000,650000.000000,0.065000,0.029483,0.127077
5770,700000.000000,650000.000000,0.065000,0.029483,0.127077
5775,700000.000000,650000.000000,0.065000,0.029483,0.127077
5780,700000.000000,650000.000000,0.065000,0.029483,0.127077
5784,700000.000000,650000.000000,0.065000,0.029483,0.127077
5790,700000.000000,650000.000000,0.065000,0.029483,0.127077
5794,700000.000000,650000.000000,0.065000,0.029483,0.127077
5799,700000.000000,650000.000000,0.065000,0.029483,0.127077
5804,700000.000000,650000.000000,0.065000,0.029483,0.127077
5809,700000.000000,650000.000000,0.065000,0.029483,0.127077
5814,700000.000000,650000.000000,0.065000,0.029483,0.127077
5818,700000.000000,650000.000000,0.065000,0.029483,0.127077
5823,700000.000000,650000.000000,0.065000,0.029483,0.127077
5828,700000.000000,650000.000000,0.065000,0.029483,0.127077
5832,700000.000000,650000.000000,0.065000,0.029483,0.127077
5836,700000.000000,650000.000000,0.065000,0.029483,0.127077
5841,700000.000000,650000.000000,0.065000,0.029483,0.127077
5845,700000.000000,650000.000000,0.065000,0.029483,0.127077
5850,700000.000000,650000.000000,0.065000,0.029483,0.127077
5854,700000.000000,650000.000000,0.065000,0.029483,0.127077
5859,700000.000000,650000.000000,0.065000,0.029483,0.127077
5864,700000.000000,650000.000000,0.065000,0.029483,0.127077
5869,700000.000000,650000.000000,0.065000,0.029483,0.127077
5873,700000.000000,650000.000000,0.065000,0.029483,0.127077
5877,700000.000000,650000.000000,0.065000,0.029483,0.127077
5882,700000.000000,650000.000000,0.065000,0.029483,0.127077
5887,700000.000000,650000.000000,0.065000,0.029483,0.127077
5892,700000.000000,650000.000000,0.065000,0.029483,0.127077
5896,700000.000000,650000.000000,0.065000,0.029483,0.127077
5901,700000.000000,650000.000000,0.065000,0.029483,0.127077
5906,700000.000000,650000.000000,0.065000,0.029483,0.127077
5911,700000.000000,650000.000000,0.065000,0.029483,0.127077
5916,700000.000000,650000.000000,0.065000,0.029483,0.127077
5921,700000.000000,650000.000000,0.065000,0.029483,0.127077
5926,700000.000000,650000.000000,0.065000,0.029483,0.127077
5930,700000.000000,650000.000000,0.065000,0.029483,0.127077
5935,700000.000000,650000.000000,0.065000,0.029483,0.127077
5940,700000.000000,650000.000000,0.065000,0.029483,0.127077
5944,700000.000000,650000.000000,0.065000,0.029483,0.127077
5949,700000.000000,650000.000000,0.065000,0.029483,0.127077
5954,700000.000000,650000.000000,0.065000,0.029483,0.127077
5959,700000.000000,650000.000000,0.065000,0.029483,0.127077
5964,700000.000000,650000.000000,0.065000,0.029483,0.127077
5969,700000.000000,650000.000000,0.065000,0.029483,0.127077
5973,700000.000000,650000.000000,0.065000,0.029483,0.127077
5978,700000.000000,650000.000000,0.065000,0.029483,0.127077
5983,700000.000000,650000.000000,0.065000,0.029483,0.127077
5988,700000.000000,650000.000000,0.065000,0.029483,0.127077
5993,700000.000000,650000.000000,0.065000,0.029483,0.127077
5997,700000.000000,650000.000000,0.065000,0.029483,0.127077
6002,700000.000000,650000.000000,0.065000,0.029483,0.127077
6007,700000.000000,650000.000000,0.065000,0.029483,0.127077
6011,700000.000000,650000.000000,0.065000,0.029483,0.127077
6016,700000.000000,650000.000000,0.065000,0.029483,0.127077
6021,700000.000000,650000.000000,0.065000,0.029483,0.127077
6026,700000.000000,650000.000000,0.065000,0.029483,0.127077
6031,700000.000000,650000.000000,0.065000,0.029483,0.127077
6035,700000.000000,650000.000000,0.065000,0.029483,0.127077
6040,700000.000000,650000.000000,0.065000,0.029483,0.127077
6045,700000.000000,650000.000000,0.065000,0.029483,0.127077
6049,700000.000000,650000.000000,0.065000,0.029483,0.127077
6054,700000.000000,650000.000000,0.065000,0.029483,0.127077
6058,700000.000000,650000.000000,0.065000,0.029483,0.127077
6063,700000.000000,650000.000000,0.065000,0.029483,0.127077
6068,700000.000000,650000.000000,0.065000,0.029483,0.127077
6073,700000.000000,650000.000000,0.065000,0.029483,0.127077
6077,700000.000000,650000.000000,0.065000,0.029483,0.127077
6082,700000.000000,650000.000000,0.065000,0.029483,0.127077
6087,700000.000000,650000.000000,0.065000,0.029483,0.127077
6092,700000.000000,650000.000000,0.065000,0.029483,0.127077
6097,700000.000000,650000.000000,0.065000,0.029483,0.127077
6101,700000.000000,650000.000000,0.065000,0.029483,0.127077
6107,700000.000000,650000.000000,0.065000,0.029483,0.127077
6111,700000.000000,650000.000000,0.065000,0.029483,0.127077
6116,700000.000000,650000.000000,0.065000,0.029483,0.127077
6121,700000.000000,650000.000000,0.065000,0.029483,0.127077
6126,700000.000000,650000.000000,0.065000,0.029483,0.127077
6131,700000.000000,650000.000000,0.065000,0.029483,0.127077
6135,700000.000000,650000.000000,0.065000,0.029483,0.127077
6140,700000.000000,650000.000000,0.065000,0.029483,0.127077
6145,700000.000000,650000.000000,0.065000,0.029483,0.127077
